id,level_1,longitude,latitude,381.00558,388.4092,395.81583,403.2254,410.638,418.0536,425.47214,432.8927,440.31726,447.7428,455.17035,462.59888,470.0304,477.46292,484.89743,492.33292,499.77142,507.2099,514.6504,522.0909,529.5333,536.9768,544.42126,551.8667,559.3142,566.7616,574.20905,581.6585,589.108,596.55835,604.0098,611.4622,618.9146,626.36804,633.8215,641.2759,648.7303,656.1857,663.6411,671.09753,678.5539,686.0103,693.4677,700.9251,708.38354,715.84094,723.2993,730.7587,738.2171,745.6765,753.1359,760.5963,768.0557,775.5161,782.97754,790.4379,797.89935,805.36176,812.8232,820.2846,827.746,835.2074,842.66986,850.1313,857.5937,865.0551,872.5176,879.98004,887.44147,894.90393,902.3664,909.82886,917.2913,924.7538,932.21625,939.6788,947.14026,954.6027,962.0643,969.5268,976.9883,984.4498,991.9114,999.37286,1006.8344,1014.295,1021.7566,1029.2172,1036.6777,1044.1383,1051.5989,1059.0596,1066.5201,1073.9797,1081.4404,1088.9,1096.3597,1103.8184,1111.2781,1118.7368,1126.1964,1133.6552,1141.1129,1148.5717,1156.0304,1163.4882,1170.9459,1178.4037,1185.8616,1193.3184,1200.7761,1208.233,1215.6898,1223.1467,1230.6036,1238.0596,1245.5154,1252.9724,1260.4283,1267.8833,1275.3392,1282.7942,1290.2502,1297.7052,1305.1603,1312.6144,1320.0685,1327.5225,1334.9756,1342.4287,1349.8818,1357.3351,1364.7872,1372.2384,1379.6907,1387.1418,1394.5931,1402.0433,1409.4937,1416.944,1424.3933,1431.8427,1439.292,1446.7404,1454.1888,1461.6372,1469.0847,1476.5321,1483.9796,1491.4261,1498.8727,1506.3192,1513.7649,1521.2104,1528.655,1536.1007,1543.5454,1550.9891,1558.4329,1565.8766,1573.3193,1580.7621,1588.205,1595.6467,1603.0886,1610.5295,1617.9705,1625.4104,1632.8513,1640.2903,1647.7303,1655.1694,1662.6074,1670.0455,1677.4836,1684.9209,1692.358,1699.7952,1707.2314,1714.6667,1722.103,1729.5383,1736.9727,1744.4071,1751.8414,1759.2749,1766.7084,1774.1418,1781.5743,1789.007,1796.4385,1803.8701,1811.3008,1818.7314,1826.1611,1833.591,1841.0206,1848.4495,1855.8773,1863.3052,1870.733,1878.16,1885.5869,1893.013,1900.439,1907.864,1915.2892,1922.7133,1930.1375,1937.5607,1944.9839,1952.4071,1959.8295,1967.2518,1974.6732,1982.0946,1989.515,1996.9355,2004.355,2011.7745,2019.1931,2026.6118,2034.0304,2041.4471,2048.865,2056.2808,2063.6965,2071.1123,2078.5273,2085.9421,2093.3562,2100.769,2108.1821,2115.5942,2123.0063,2130.4175,2137.8289,2145.239,2152.6482,2160.0576,2167.467,2174.8755,2182.283,2189.6904,2197.097,2204.5034,2211.9092,2219.3147,2226.7195,2234.1233,2241.5269,2248.9297,2256.3328,2263.7346,2271.1365,2278.5376,2285.9387,2293.3386,2300.7378,2308.136,2315.5342,2322.9326,2330.3298,2337.7263,2345.1216,2352.517,2359.9126,2367.3071,2374.7007,2382.0935,2389.486,2396.878,2404.2695,2411.6604,2419.0513,2426.4402,2433.8303,2441.2183,2448.6064,2455.9944,2463.3816,2470.7678,2478.153,2485.5386,2492.9238
0,water,89.74582495,25.67973258,0.066940784,0.07162689,0.07630932,0.07989392,0.085518956,0.090325646,0.09592373,0.09763031,0.10043924,0.10306208,0.10563359,0.10660182,0.107840285,0.10763327,0.110660546,0.11290946,0.11638955,0.12089204,0.12494198,0.12783763,0.12986006,0.13352166,0.13651553,0.13951135,0.14218354,0.14235432,0.14140502,0.14222588,0.14340404,0.14187314,0.13920271,0.13806869,0.13764106,0.13634105,0.1357848,0.13782135,0.13816686,0.1353038,0.13371055,0.13401021,0.13398218,0.12856774,0.12766889,0.12871213,0.12401916,0.1163607,0.10523269,0.094270945,0.08717787,0.081290126,0.08273616,0.08333928,0.08369221,0.084239565,0.08491918,0.08596791,0.08714716,0.08765521,0.08756634,0.08598185,0.08148611,0.07677285,0.074822955,0.07320047,0.07155841,0.069906704,0.06782931,0.06589009,0.0636948,0.0615866,0.059855744,0.0578802,0.055223774,0.05123746,0.046594515,0.042745054,0.03978802,0.037732083,0.037157807,0.036469508,0.03648519,0.035482556,0.03534008,0.03509754,0.035288658,0.035488922,0.036163084,0.036967818,0.037565894,0.03880904,0.040082578,0.040971354,0.04133253,0.04146635,0.040876184,0.03991407,0.03886625,0.03806435,0.037114516,0.036339015,0.035923846,0.03591729,0.03592884,0.035821952,0.03519976,0.034371864,0.033807285,0.033430737,0.033111926,0.032519918,0.03226793,0.03224225,0.032388587,0.03305089,0.03347204,0.033843383,0.034165345,0.034492172,0.034365095,0.034674823,0.034755662,0.034820434,0.035038516,0.035007607,0.034968756,0.034517277,0.03402098,nan,nan,nan,nan,nan,nan,nan,nan,nan,nan,nan,nan,nan,nan,nan,0.044536985,0.042144135,0.033570483,0.031393576,0.03456417,0.028658235,0.026298828,0.02494643,0.026299125,0.027107947,0.02740362,0.028385267,0.02850841,0.02870088,0.028319772,0.029092548,0.029116176,0.028547136,0.027888376,0.027970074,0.029305583,0.028793462,0.027637407,0.027886892,0.028358664,0.028726652,0.028553188,0.028414292,0.02794208,0.027799672,0.028165735,0.027795827,0.028283402,0.028119816,0.027869804,0.027070977,0.027425641,0.027242798,0.026763773,0.026369615,0.026143566,0.02617458,0.025497904,0.024729285,0.025296321,0.025296321,nan,nan,nan,nan,nan,nan,nan,nan,nan,nan,nan,nan,nan,nan,nan,nan,nan,nan,nan,nan,nan,nan,nan,nan,nan,0.005691081,0.006019001,0.006175959,0.006471083,0.006734987,0.006759747,0.006819105,0.006999006,0.007434418,0.007644062,0.007717983,0.007588419,0.007680825,0.0077435,0.020696022,0.022215696,0.023096107,0.022071004,0.0235051,0.023172729,0.023805115,0.024234742,0.024251502,0.024105731,0.023591064,0.02429675,0.023627954,0.022657601,0.023717253,0.0229164,0.022008235,0.02225912,0.022040669,0.022248145,0.021806922,0.021666765,0.021596082,0.021915406,0.021201288,0.0212556,0.020374337,0.02093406,0.019697057,0.020191649,0.019346122,0.019986955,0.020512398,0.01888197,0.017946422,0.018317934,0.018032419,0.01677701,0.017087352,0.017320417,0.01666431,0.01618233,0.015886659,0.014762308,0.017019907,0.015585966,0.014260415,0.016233906,0.014528241,0.014720853,0.015723182,0.012972348,0.013402465,0.014181102,0.012638783,0.01191297,0.011489014,0.010836381
1,water,89.52062536,21.84622046,0.052719336,0.062546566,0.06809857,0.075194485,0.085392706,0.09229354,0.098244846,0.09873897,0.10019535,0.102742,0.104850136,0.106051974,0.10706343,0.10757727,0.109480865,0.11084773,0.11363215,0.11362718,0.11559663,0.11725493,0.11756064,0.119988315,0.1198804,0.12210289,0.123659424,0.12262976,0.12057668,0.12065055,0.118232474,0.11490668,0.11346521,0.11088462,0.10872209,0.107836716,0.10731384,0.10713617,0.1051595,0.1040381,0.101580255,0.10133756,0.100562856,0.09759472,0.0927432,0.09276549,0.089290105,0.08370835,0.074917465,0.068881854,0.066850826,0.059410278,0.061467737,0.062181853,0.06237834,0.06225451,0.061919272,0.061970513,0.062157873,0.062266257,0.06271827,0.062657505,0.06211213,0.061039187,0.060283445,0.059329666,0.05824498,0.05681852,0.055406053,0.054252096,0.05301622,0.05187878,0.051109385,0.050248016,0.04939743,0.048332516,0.046577957,0.044555653,0.041997373,0.038847268,0.036888532,0.035880785,0.035747528,0.035819434,0.036152188,0.036919504,0.037628766,0.03823194,0.039090835,0.039943893,0.040150106,0.04085694,0.041553333,0.041983586,0.042255133,0.042525325,0.042567678,0.042184178,0.04174419,0.041406937,0.04068051,0.039994676,0.038995214,0.037198428,0.034463063,0.032255005,0.030833349,0.030123211,0.030023348,0.03022084,0.03044789,0.030281624,0.03059046,0.031054562,0.031694334,0.03285954,0.033740543,0.034415573,0.035051282,0.035539236,0.035460822,0.035626438,0.035588857,0.03536509,0.035246983,0.034791365,0.034333263,0.033466876,0.032509916,nan,nan,nan,nan,nan,nan,nan,nan,nan,nan,nan,nan,nan,nan,nan,0.049922097,0.038078606,0.030491715,0.028757708,0.031293496,0.030000275,0.028501345,0.024609955,0.026647855,0.025956802,0.02503909,0.025482802,0.025425876,0.025280751,0.024803668,0.024233628,0.024415541,0.024113392,0.023650598,0.02293865,0.023614556,0.023371208,0.022852847,0.02263687,0.022482026,0.022406433,0.022910979,0.022158347,0.022279568,0.021600014,0.021312272,0.020536631,0.02147761,0.020072522,0.020605708,0.019762378,0.020038031,0.019389378,0.01931293,0.018772455,0.018863657,0.019651115,0.019231059,0.018963957,0.019207075,0.019207075,nan,nan,nan,nan,nan,nan,nan,nan,nan,nan,nan,nan,nan,nan,nan,nan,nan,nan,nan,nan,nan,nan,nan,nan,nan,0.003298492,0.00368323,0.003796396,0.004093731,0.004431409,0.004517971,0.004653023,0.004917683,0.005160451,0.005405339,0.005450245,0.005480073,0.005532226,0.005687637,0.01269188,0.013482471,0.012109364,0.013104358,0.01285165,0.012467293,0.011791755,0.012927131,0.012299906,0.012370146,0.012672069,0.01036738,0.011785365,0.011708831,0.010876889,0.011430875,0.01124402,0.011286493,0.011099926,0.01047908,0.010983724,0.00918418,0.009942246,0.010920523,0.00970657,0.009457895,0.009103267,0.00798476,0.008711531,0.009206928,0.010175121,0.006273742,0.005856317,0.005848341,0.006260037,0.005602378,0.004588422,0.00439797,0.004507698,0.004216129,0.003971506,0.004176216,0.004022397,0.003801121,0.003492491,0.003362948,0.003287226,0.003224274,0.003315612,0.003008731,0.002783432,0.002563771,0.002640542,0.002690832,0.004897456,0.005102431,0.0050802,0.00503724
2,water,97.6031872,16.42882846,0.05794654,0.06283722,0.063590676,0.06636644,0.07007905,0.07179098,0.07545623,0.07655557,0.07840703,0.0806704,0.08222509,0.08242997,0.083017066,0.08391932,0.085854426,0.08837887,0.09216685,0.095879465,0.09964176,0.103339076,0.10798512,0.11248555,0.11699637,0.12005848,0.12407339,0.12663256,0.12790422,0.12993401,0.1307786,0.12678248,0.124337986,0.12334449,0.12292788,0.121398315,0.12196506,0.12255123,0.122341365,0.12036415,0.11765921,0.11812043,0.11786634,0.11406886,0.11024117,0.10654791,0.09998151,0.08976644,0.0726949,0.058290616,0.051452134,0.04941425,0.049072668,0.048739884,0.04831351,0.048204903,0.048425816,0.048868544,0.04951107,0.04976405,0.04943837,0.04821781,0.044659004,0.041032985,0.03950914,0.03814803,0.036710832,0.03529592,0.033554394,0.031706914,0.029784977,0.028085968,0.026654432,0.02509993,0.022913344,0.019666713,0.01597912,0.013178036,0.01105961,0.009572156,0.008992917,0.008494136,0.00832025,0.007766138,0.007483373,0.007231606,0.007122152,0.007295662,0.007694555,0.008218708,0.008961557,0.00998524,0.011142232,0.012083382,0.012623392,0.012763009,0.012273811,0.011474629,0.010507285,0.009658715,0.008807393,0.008030754,0.007596994,0.00764411,0.008158907,0.008619919,0.008688653,0.008392384,0.008117922,0.007856575,0.007646055,0.007399777,0.007201612,0.007074518,0.006986374,0.007037387,0.00701676,0.007053986,0.007029675,0.007092899,0.007030394,0.007168333,0.007178986,0.00730182,0.00750803,0.007717841,0.007924252,0.008022658,0.008142644,nan,nan,nan,nan,nan,nan,nan,nan,nan,nan,nan,nan,nan,nan,nan,-0.017546084,0.03142763,-0.015367183,-0.020344201,-0.012516419,-0.000139393,-0.001013551,0.003272327,0.003418882,0.003779725,0.00343508,0.004192894,0.003999102,0.00365517,0.004460131,0.004068923,0.004065927,0.004224625,0.003806172,0.003415233,0.00393383,0.003953191,0.003819235,0.003847402,0.004047574,0.004284995,0.004275015,0.00355163,0.00370677,0.004166563,0.004111147,0.004130641,0.003798537,0.00388612,0.00367053,0.004278328,0.004155437,0.00418129,0.004016457,0.003836953,0.003912127,0.004290049,0.004495944,0.003857437,0.005523371,0.005523371,nan,nan,nan,nan,nan,nan,nan,nan,nan,nan,nan,nan,nan,nan,nan,nan,nan,nan,nan,nan,nan,nan,nan,nan,nan,0.002211726,0.002310781,0.002300908,0.002379653,0.002448252,0.002404892,0.002428529,0.00248532,0.002580171,0.002568562,0.002579765,0.00254831,0.002624161,0.002593682,0.002748508,0.002382199,0.003170981,0.003006812,0.003135745,0.00300407,0.003326934,0.002264067,0.003524254,0.002834497,0.003442173,0.002883788,0.003301012,0.003598473,0.002402334,0.002717704,0.002238705,0.002650758,0.00333323,0.002318982,0.002722927,0.002864827,0.002820357,0.00236137,0.002225008,0.003138847,0.002282896,0.002761965,0.002408501,0.002246829,0.001272695,0.003312677,0.002077504,0.002784474,0.002988159,0.003446966,0.002888284,0.003479177,0.003489441,0.003707299,0.003660955,0.003820138,0.004051841,0.0035426,0.003970854,0.003646565,0.003340524,0.003529198,0.00315481,0.003511141,0.003354711,0.003321975,0.003365935,0.003447752,0.002013215,0.001803277,0.002104124,0.002009986
3,water,97.38531333,16.42481709,0.0366015,0.04554279,0.051396284,0.055407338,0.061027557,0.06577449,0.07131861,0.07351814,0.07661811,0.079644054,0.08343241,0.08321115,0.08485957,0.08648978,0.089141086,0.09244582,0.09590053,0.10083941,0.106018275,0.11023832,0.11427553,0.11942197,0.12458609,0.12885322,0.13384825,0.13660131,0.13838369,0.14147931,0.14258061,0.14281948,0.14382869,0.14438514,0.14443512,0.14325352,0.14466423,0.14660178,0.14610492,0.14591599,0.14607829,0.14757688,0.14862782,0.14697291,0.14567515,0.14522448,0.14614575,0.14278045,0.13236889,0.123060316,0.11968473,0.11969994,0.12039603,0.12078186,0.12171062,0.12292905,0.12449305,0.12622072,0.1279005,0.12860282,0.12786092,0.12512444,0.11774431,0.11049964,0.10759998,0.105331704,0.10329923,0.10136612,0.098832145,0.0960151,0.09284425,0.089998834,0.087018065,0.08344664,0.07803153,0.069413796,0.05814108,0.045976546,0.035731643,0.027008602,0.0230148,0.021796724,0.021759259,0.021286864,0.022169624,0.02246843,0.02434452,0.026000863,0.029027637,0.032462385,0.03605864,0.039711874,0.04285593,0.045019023,0.04582736,0.04539913,0.04360156,0.040930036,0.03773759,0.034670297,0.031933527,0.029000461,0.02490173,0.0199666,0.015857842,0.013714049,0.012829804,0.012482052,0.012418446,0.012411546,0.012383919,0.012315298,0.012347074,0.012490493,0.01267034,0.012982465,0.013172993,0.013420638,0.013646075,0.013843834,0.01386711,0.013898656,0.013827872,0.013670457,0.013494955,0.01321465,0.01288185,0.0123834,0.011919674,nan,nan,nan,nan,nan,nan,nan,nan,nan,nan,nan,nan,nan,nan,nan,0.14455752,0.012428186,0.015673494,0.004107831,-0.003849799,0.000181346,0.004013262,0.005922973,0.006410408,0.008196259,0.008029444,0.008327023,0.008543936,0.008259471,0.00800343,0.008658661,0.008037707,0.007828991,0.008276336,0.008612426,0.008817874,0.008658173,0.008516126,0.008572026,0.008172756,0.008697093,0.008688282,0.008856534,0.008976254,0.008278248,0.008214275,0.008377098,0.008525648,0.00856961,0.008637496,0.008702053,0.007963586,0.008536246,0.008791753,0.008563248,0.008075598,0.008493146,0.008628288,0.009228691,0.010820233,0.010820233,nan,nan,nan,nan,nan,nan,nan,nan,nan,nan,nan,nan,nan,nan,nan,nan,nan,nan,nan,nan,nan,nan,nan,nan,nan,0.002675304,0.002773529,0.00281399,0.002896556,0.00298697,0.002989536,0.003016779,0.003093054,0.003193653,0.003256348,0.003287907,0.003259851,0.003277314,0.003294336,0.006583369,0.006120665,0.007800363,0.00707273,0.007097102,0.006559504,0.00678671,0.007256905,0.007188295,0.006950359,0.007387052,0.007534062,0.007709084,0.00629449,0.006809024,0.00622163,0.006721865,0.00609281,0.005854883,0.007153724,0.005979412,0.006688247,0.006498759,0.006265798,0.006157807,0.005421553,0.005333998,0.005130575,0.005290837,0.00679892,0.005704662,0.005527357,0.005720371,0.005421381,0.005655131,0.005361979,0.005357952,0.007166738,0.0053798,0.005270288,0.005631775,0.00590169,0.005297388,0.00622306,0.005601209,0.004747988,0.005260616,0.005565832,0.004901806,0.005019396,0.004886562,0.005021409,0.004977006,0.0051099,0.003359029,0.003190552,0.003411565,0.003358272
4,water,77.74675975,46.49338887,0.09483493,0.10020261,0.10883082,0.116087735,0.12165214,0.12881249,0.13052763,0.12831645,0.13118075,0.1355835,0.14182504,0.14627333,0.1513932,0.15368563,0.15782385,0.15866292,0.16032812,0.15906353,0.15592466,0.15509713,0.15563458,0.15647113,0.15574037,0.15122294,0.14807601,0.14178643,0.13374636,0.12161672,0.103868715,0.08322092,0.06558543,0.057697453,0.05514791,0.052002843,0.050164975,0.04859219,0.0450151,0.040688865,0.037572328,0.035156183,0.034013472,0.03228742,0.029211817,0.025263645,0.020174246,0.016304726,0.012149327,0.009864664,0.008533479,0.007108663,0.007045829,0.006520182,0.005665098,0.006451188,0.006894561,0.007118654,0.006686102,0.006565476,0.006320634,0.00607862,0.00521842,0.005207842,0.004455328,0.004890753,0.004895951,0.004755213,0.004405936,0.00388442,0.004704746,0.004559793,0.004536541,0.004418168,0.004485639,0.00450622,0.004528458,0.004289714,0.004539169,0.003425927,0.003774245,0.004215853,0.003860875,0.00366343,0.003246386,0.002822336,0.00291917,0.003093391,0.003939521,0.002771932,0.003261265,0.003879149,0.003610633,0.003183363,0.003235803,0.003581748,0.004416438,0.003639517,0.003992568,0.004448665,0.00363286,0.003006638,0.004390547,0.004123213,0.004480064,0.004462106,0.004191001,0.003535382,0.003099846,0.003134705,0.003992135,0.004055698,0.003677592,0.003213456,0.00301197,0.003390917,0.003004343,0.003043159,0.002582814,0.003744665,0.004723901,0.006701376,0.003534196,0.003292123,0.004343987,0.005501541,0.00619819,0.005474829,0.003279996,nan,nan,nan,nan,nan,nan,nan,nan,nan,nan,nan,nan,nan,nan,nan,-0.003223875,0.002979284,0.000739513,0.002208052,0.002120622,0.008133258,-7.71E-05,0.003503963,0.003379237,0.002110002,0.002888952,0.002425858,0.002566413,0.002925077,0.002088588,0.002205642,0.002167396,0.002428597,0.002660717,0.002114724,0.003012487,0.001683018,0.001919403,0.002037517,0.002484199,0.002209326,0.002105968,0.003024992,0.002197487,0.002151883,0.002519949,0.002081802,0.002405852,0.002336082,0.001698006,0.002687948,0.001226581,0.001784912,0.001598055,0.001756533,0.001130903,0.002247589,0.00183825,0.002704348,0.003001939,0.003001939,nan,nan,nan,nan,nan,nan,nan,nan,nan,nan,nan,nan,nan,nan,nan,nan,nan,nan,nan,nan,nan,nan,nan,nan,nan,0.001114019,0.004751487,0.002088047,0.002726243,0.00237916,0.001273045,0.000696532,0.005960516,0.0037069,0.002924087,0.003708727,0.001866276,0.001443582,0.001776945,0.004520832,0.002038234,0.002666262,0.002002874,0.00197995,0.002755009,0.002133601,0.001348624,0.002971861,0.003530848,0.002599642,0.001775907,0.00223927,0.002218835,0.001912631,0.002011494,0.002134958,0.00244197,0.002315458,0.001331708,0.003086256,0.002353327,0.002560448,0.001508983,0.000914838,0.002123488,0.002520728,0.001583631,0.00255187,0.002203129,0.002248056,0.002323826,0.002063131,0.000233667,0.00236686,0.000772665,0.001555485,0.003543241,0.001694331,0.001042826,0.002084708,0.001827322,0.001899508,0.00127763,0.004873922,0.000992148,0.003543223,-0.001054316,0.0024668,-0.000591254,0.002957708,0.005101555,0.005051651,-8.55E-05,0.013664385,0.002385569,-0.010760957,0.0761387
5,water,77.47794477,46.5976389,0.08390635,0.0891092,0.099750504,0.108359836,0.11716264,0.12430538,0.13062501,0.12992473,0.13486786,0.14047827,0.14576074,0.15291166,0.15812543,0.1636716,0.16791506,0.16884932,0.1713232,0.17370494,0.1726808,0.1729562,0.17462876,0.17705208,0.17771776,0.1756443,0.17378765,0.16954122,0.16108663,0.15106048,0.13483684,0.111325935,0.09077027,0.08355549,0.07868897,0.075298555,0.07226109,0.069424614,0.066584066,0.06152398,0.054876998,0.052635,0.050367996,0.04803996,0.043127097,0.037723534,0.03034108,0.023315778,0.016786532,0.011433881,0.008470088,0.00736285,0.006636189,0.006313912,0.005003293,0.006489772,0.00699743,0.007006426,0.006881082,0.006876702,0.006674875,0.006243016,0.005595612,0.00464727,0.00425156,0.004308011,0.003863051,0.003776219,0.003646443,0.003532119,0.003159827,0.002537648,0.003631493,0.003848665,0.003560982,0.002883775,0.003401378,0.003511518,0.00393328,0.004283145,0.00366043,0.00266198,0.00212688,0.00294767,0.001567325,0.00215613,0.001611015,0.001290463,0.002714129,0.00226648,0.002070872,0.002464976,0.002261778,0.001857919,0.002298553,0.002844241,0.002818901,0.003142121,0.003490768,0.002409441,0.003845346,0.004433277,0.003261344,0.004133538,0.00383664,0.003820807,0.002758824,0.003763172,0.002355119,0.003550236,0.003507344,0.002910276,0.002285386,0.003178944,0.002756172,0.002972632,0.002388815,0.002762344,0.003242723,0.003434744,0.003021458,0.006592794,0.003816269,0.002921658,0.003420027,0.004481766,0.005376393,0.004949,0.002972613,nan,nan,nan,nan,nan,nan,nan,nan,nan,nan,nan,nan,nan,nan,nan,-0.017932508,0.010250514,0.004172214,0.000999296,0.005202626,0.003898718,0.001992763,0.002191128,0.003208191,0.001878771,0.002006008,0.001962354,0.002372732,0.001749357,0.001784852,0.001611501,0.002464096,0.001744056,0.001664662,0.001816022,0.001658391,0.002436207,0.00171183,0.002594029,0.00215188,0.001753255,0.002208629,0.002313781,0.002005524,0.002044018,0.002322013,0.001553613,0.002138685,0.001355257,0.001667477,0.001654255,0.001627587,0.002312461,0.002010369,0.001689795,0.002094061,0.002338506,0.001857173,0.002680291,0.00229651,0.00229651,nan,nan,nan,nan,nan,nan,nan,nan,nan,nan,nan,nan,nan,nan,nan,nan,nan,nan,nan,nan,nan,nan,nan,nan,nan,0.0048916,0.001004216,0.002422344,0.002717606,0.001172079,-0.000509415,0.00182193,0.000106394,0.002339339,0.001909356,0.001932174,-0.000209166,0.001382509,0.002311351,0.001510306,0.000620832,0.002971517,0.002127421,0.002278929,0.002020452,0.002885648,0.001966019,0.002581742,0.003219988,0.003142385,0.001832112,0.002272346,0.002594629,0.003339559,0.00224103,0.002915198,0.002410087,0.001431852,0.001367755,0.000578983,0.002137328,0.001754247,0.000809509,0.001558604,0.001123359,0.001527508,0.002031405,0.002726659,0.003966719,0.003422627,0.001416845,0.00181607,0.002673232,0.000766299,0.001726111,0.000495959,0.003372133,0.003051141,0.003725937,0.000641988,0.003337197,0.001738735,0.001639121,0.0011082,0.001109202,0.000154083,0.005123883,0.003868739,0.002773426,0.005320533,0.012772181,0.005998564,0.003927335,0.012199823,0.004814652,0.049155947,0.004012155
6,water,32.2713061,31.31533336,0.06397833,0.06862687,0.071587816,0.07418409,0.07738594,0.080327466,0.081745096,0.080657504,0.08155665,0.08294422,0.08375883,0.0835162,0.08367117,0.08389954,0.08480647,0.08508666,0.0863727,0.08728681,0.08858058,0.089651816,0.09072554,0.09220234,0.092388324,0.093699835,0.09453905,0.093627624,0.09243856,0.09027596,0.08500252,0.07912111,0.07499382,0.07296846,0.07203675,0.07059034,0.06969577,0.06894617,0.067207456,0.0659712,0.06318303,0.062982656,0.06295895,0.061804887,0.060077924,0.058791675,0.056497265,0.05437524,0.05117893,0.04993364,0.048523977,0.048494816,0.04770681,0.047277115,0.04584517,0.047238994,0.047133505,0.04654774,0.04677792,0.04601683,0.045461256,0.04448108,0.044208694,0.043928288,0.043846995,0.043413892,0.043696623,0.043253608,0.04276159,0.043097064,0.042376984,0.042068634,0.041587662,0.04103061,0.04088556,0.04045332,0.041821092,0.041319,0.041677587,0.041007306,0.040606733,0.03977636,0.039590698,0.04034491,0.039688624,0.040211808,0.03962393,0.039684586,0.039772324,0.038949218,0.039591413,0.03940394,0.039450105,0.039252017,0.039193526,0.03893701,0.03854408,0.03853662,0.038525,0.03931206,0.039537944,0.041795675,0.04160799,0.042061932,0.040616065,0.040402513,0.03885332,0.037883162,0.038091127,0.03720612,0.037022732,0.037602205,0.037518322,0.037479065,0.03779239,0.03761677,0.03725943,0.037167843,0.037211884,0.03683499,0.03792552,0.03896164,0.039802212,0.039790723,0.040681474,0.04176062,0.042316362,0.042004883,0.03912034,nan,nan,nan,nan,nan,nan,nan,nan,nan,nan,nan,nan,nan,nan,nan,0.07034861,0.049051512,0.037523698,0.037363432,0.042195503,0.03989416,0.036064748,0.034796905,0.033641633,0.03290924,0.033254426,0.033552263,0.033284053,0.03311624,0.033592418,0.03299394,0.033416174,0.033053122,0.032491706,0.032586116,0.03275527,0.03283459,0.03215187,0.032397777,0.03286259,0.032639623,0.032708243,0.03168069,0.031985532,0.032113474,0.03142622,0.031992532,0.03146775,0.03158744,0.03133226,0.031487223,0.03134418,0.031211171,0.031574003,0.030363774,0.031402808,0.030958435,0.030432845,0.030452086,0.03020474,0.03020474,nan,nan,nan,nan,nan,nan,nan,nan,nan,nan,nan,nan,nan,nan,nan,nan,nan,nan,nan,nan,nan,nan,nan,nan,nan,0.03027994,0.029562064,0.028979985,0.029703293,0.030027146,0.033458963,0.035515953,0.031646226,0.029910434,0.028733993,0.027589118,0.029405281,0.029664975,0.027774628,0.027913485,0.028029904,0.028107172,0.028188653,0.027149908,0.027694404,0.02692304,0.027064905,0.027548447,0.027598232,0.027128348,0.027376838,0.02775247,0.025315255,0.026340172,0.026410999,0.026223484,0.025464637,0.025832366,0.02546981,0.024933353,0.026401263,0.025529666,0.024645193,0.024575485,0.025407204,0.024648907,0.0241006,0.024102993,0.02493547,0.023688363,0.023708824,0.024025764,0.02396552,0.023521896,0.023877338,0.024515815,0.022426518,0.022962512,0.021223828,0.023091482,0.02362289,0.023418736,0.024285277,0.021668252,0.022134487,0.024942989,0.026838416,0.022874454,0.023355467,0.019111324,0.029707924,0.020633858,0.020210903,0.020604275,0.028809965,0.04349233,0.03943561
7,water,81.3923496,46.29575994,0.034208383,0.044972,0.05782354,0.066807956,0.074992225,0.08284233,0.089540266,0.09459526,0.101609685,0.10821884,0.11507275,0.12057976,0.12638974,0.13260043,0.13691045,0.1399356,0.14515339,0.14802663,0.14944705,0.15287359,0.15593784,0.1586186,0.15837729,0.1562227,0.15395543,0.15006341,0.14182915,0.12776451,0.10747178,0.083225355,0.06455219,0.058560316,0.056451663,0.054597564,0.052205734,0.05068992,0.04818481,0.04302284,0.03885404,0.037147615,0.03596684,0.034124706,0.030780746,0.0276984,0.022492204,0.018745752,0.015614951,0.012702214,0.011148886,0.010933853,0.010097517,0.009748482,0.009646688,0.010283563,0.010423095,0.010651054,0.010617336,0.010593209,0.01036519,0.009776644,0.009820798,0.008983315,0.008701138,0.008817557,0.008662894,0.008853269,0.008206747,0.008031508,0.007934487,0.008258933,0.008277786,0.008439716,0.00835541,0.008165703,0.008166089,0.00827238,0.008183813,0.008056834,0.008276437,0.007853914,0.00742105,0.007270358,0.006772233,0.00668051,0.006679434,0.006991577,0.006993055,0.006801555,0.007456931,0.006992404,0.007151173,0.007165075,0.007456242,0.007726566,0.007512363,0.007199881,0.008005708,0.008272736,0.007820987,0.008061986,0.008506828,0.008384305,0.008629167,0.008189347,0.007961159,0.007868012,0.007196723,0.007398523,0.007721434,0.007330213,0.007268934,0.007680654,0.007510417,0.007121463,0.007307124,0.00699378,0.007061202,0.006939682,0.008032901,0.010130021,0.007416178,0.007277886,0.007990813,0.008817277,0.009468658,0.009061559,0.007210797,nan,nan,nan,nan,nan,nan,nan,nan,nan,nan,nan,nan,nan,nan,nan,0.001327895,0.00380311,0.00511299,0.004921963,0.008270488,0.007205063,0.006668501,0.005829538,0.006237291,0.006162215,0.006042036,0.005771789,0.0056901,0.005662582,0.006058218,0.005693781,0.005366114,0.005408899,0.005636962,0.005350912,0.005734587,0.005681614,0.005398716,0.005744825,0.005720393,0.005827418,0.005895435,0.005657456,0.005691583,0.005756873,0.005692457,0.005647982,0.005685819,0.005516776,0.005465648,0.005397106,0.005462809,0.005231144,0.005187289,0.005059425,0.005437308,0.005136581,0.004853566,0.005496671,0.005831922,0.005831922,nan,nan,nan,nan,nan,nan,nan,nan,nan,nan,nan,nan,nan,nan,nan,nan,nan,nan,nan,nan,nan,nan,nan,nan,nan,0.006568893,0.005976694,0.005898149,0.00640456,0.004554432,0.009650992,0.005154832,0.004070172,0.004692026,0.004974898,0.005843627,0.005096618,0.004699025,0.004436209,0.005331182,0.005130511,0.00488622,0.004642987,0.004547725,0.004447514,0.004582002,0.004693077,0.005170927,0.005272566,0.005092573,0.00526985,0.004538363,0.005154563,0.004621379,0.005081283,0.004143886,0.00490772,0.004039251,0.004748681,0.00459979,0.004415357,0.004712821,0.003938987,0.003895819,0.004782492,0.004798499,0.004182566,0.004910338,0.004482235,0.004499336,0.005081306,0.003869613,0.004460068,0.003617555,0.003888739,0.003314134,0.004558778,0.003251645,0.004138402,0.004066508,0.004912947,0.004322402,0.005011737,0.00348616,0.005067945,0.007314572,0.004205579,0.00276826,0.006534164,0.002857056,0.006796274,0.005888683,0.005759253,0.007561237,0.011611269,0.04450135,-0.06817006
8,water,81.63132969,46.23304143,0.01038203,0.018200003,0.023739599,0.028378053,0.03163975,0.034756422,0.036275305,0.035649795,0.03625077,0.037883867,0.04003226,0.040869087,0.043080468,0.04413036,0.045002762,0.044634216,0.044591635,0.043037463,0.039661057,0.0383243,0.037895836,0.037518345,0.035279375,0.03205128,0.030391812,0.027711356,0.023846518,0.019838683,0.015826391,0.011668528,0.009933964,0.009156921,0.008773952,0.007810105,0.00795546,0.007944275,0.007401066,0.006777257,0.006645626,0.007036417,0.006271752,0.006292265,0.006524151,0.005931208,0.005640543,0.00565548,0.005553586,0.005739773,0.005052802,0.004336214,0.004106728,0.00402733,0.003823232,0.003962108,0.003949342,0.004008051,0.003912609,0.003861049,0.003777569,0.00379457,0.003800866,0.003753233,0.003780452,0.003922137,0.003760861,0.0039232,0.003818909,0.003669285,0.003760858,0.003743072,0.003723008,0.003738281,0.003777494,0.003773556,0.003727231,0.003757511,0.003711611,0.003728476,0.003669542,0.003704412,0.003685124,0.003749696,0.003575859,0.003526078,0.003556662,0.003656629,0.003588392,0.003427538,0.003590176,0.003611208,0.003780632,0.003461492,0.003326672,0.003310716,0.003341238,0.003529031,0.003738167,0.003810484,0.003650068,0.003687678,0.003757707,0.00376487,0.003737951,0.00371884,0.003744582,0.003721642,0.003596568,0.003582747,0.003675814,0.003650981,0.003667237,0.003554936,0.003635901,0.003774648,0.003404935,0.003465488,0.003380623,0.003629761,0.004132059,0.004250966,0.003868023,0.003617626,0.00363272,0.00376816,0.003886114,0.003837357,0.003668178,nan,nan,nan,nan,nan,nan,nan,nan,nan,nan,nan,nan,nan,nan,nan,-0.004229062,0.006182124,0.003336133,0.002206735,0.0050378,0.00253344,0.002186141,0.001579055,0.001788576,0.003076356,0.002320616,0.002222302,0.001944951,0.002296263,0.002237216,0.00261174,0.002600794,0.00250286,0.002057512,0.003322662,0.002626941,0.002333429,0.002330108,0.002360113,0.002514473,0.002104036,0.002177341,0.002631717,0.002444415,0.002491203,0.002204442,0.002105695,0.002651547,0.002480249,0.00213566,0.00217349,0.001808574,0.002275007,0.001985328,0.002169011,0.002410151,0.002138952,0.00226122,0.002323745,0.00256957,0.00256957,nan,nan,nan,nan,nan,nan,nan,nan,nan,nan,nan,nan,nan,nan,nan,nan,nan,nan,nan,nan,nan,nan,nan,nan,nan,0.000913215,0.001187947,0.00199384,0.002203818,0.002104286,0.006196794,0.003167714,0.001236143,0.001422655,0.002036004,0.002317356,0.001570073,0.001179249,0.001924003,0.00141379,0.001597764,0.001993126,0.001587005,0.002664721,0.002158444,0.001709646,0.00202182,0.002573009,0.002943197,0.001354175,0.00161462,0.001803482,0.0015462,0.002061094,0.002590693,0.001872472,0.002050152,0.0025059,0.002604059,0.00165448,0.002269695,0.001288005,0.001240898,0.001687134,0.001511324,0.001599661,0.001075548,0.001812926,0.001542373,0.003231542,0.001183151,0.002117746,0.001558731,0.000543668,0.001809461,0.001121506,0.00129756,0.001823707,0.000957593,0.001820049,0.001677356,-0.000698648,0.001421285,0.005109732,0.003205625,0.00244963,0.004973918,0.001732906,0.002084931,0.002968235,-0.000462536,0.00058138,0.006674864,-0.000215772,0.014346897,-0.002560326,-0.073564306
9,water,80.99991386,46.53568491,0.07585308,0.07639722,0.07985112,0.08691718,0.08851913,0.09296578,0.09582351,0.09427103,0.09791145,0.10190614,0.10678678,0.11140689,0.11395225,0.11692574,0.12055734,0.1232838,0.1275673,0.13178541,0.1367804,0.1419856,0.14618433,0.15180041,0.15504552,0.15802583,0.15814367,0.15756777,0.15459913,0.15366927,0.15064484,0.14442816,0.134764,0.13133109,0.12876767,0.12800334,0.12698673,0.1285613,0.1290816,0.12359808,0.117297664,0.11353453,0.11088659,0.11281037,0.11798316,0.118257694,0.10749261,0.09550895,0.0784685,0.058112577,0.044428647,0.03798374,0.037390422,0.033038232,0.034760695,0.03855282,0.039366897,0.041852705,0.043883942,0.044384897,0.043371536,0.0393418,0.03344432,0.026744068,0.025157802,0.023502558,0.022398474,0.021297807,0.019971766,0.018451855,0.017775916,0.016934365,0.015943822,0.015753957,0.014534486,0.013399248,0.014141827,0.014532149,0.013901507,0.01242112,0.010349887,0.008171366,0.0078033,0.007223074,0.00602732,0.005638306,0.006490424,0.005951561,0.007062736,0.006444606,0.007095762,0.007079091,0.008034562,0.007539223,0.008197787,0.008490475,0.008162123,0.008312665,0.008439124,0.009789988,0.010343257,0.013967202,0.014807692,0.014146658,0.013780442,0.012710424,0.011374586,0.008455843,0.00743001,0.006731051,0.007441293,0.006667909,0.006183511,0.00554883,0.00575357,0.004537984,0.00470037,0.004592963,0.004688984,0.004848717,0.006719892,0.008606931,0.007042108,0.005771458,0.005856701,0.006934074,0.008401432,0.009217553,0.008463265,nan,nan,nan,nan,nan,nan,nan,nan,nan,nan,nan,nan,nan,nan,nan,0.011307886,0.005758544,-0.00142448,0.00358802,0.004491974,0.006811334,0.002942605,0.003203103,0.002933487,0.003658095,0.001695227,0.002011772,0.002693574,0.002595527,0.003228683,0.003382789,0.002827524,0.002316167,0.002721106,0.002347881,0.002362615,0.002776158,0.002792657,0.002634582,0.002693675,0.002393041,0.00281274,0.002238034,0.002856219,0.002549078,0.002909059,0.002447477,0.002620497,0.002919241,0.002278686,0.002323181,0.002700051,0.002561019,0.002499038,0.001987711,0.002453011,0.002620448,0.002666642,0.002441383,0.001829684,0.001829684,nan,nan,nan,nan,nan,nan,nan,nan,nan,nan,nan,nan,nan,nan,nan,nan,nan,nan,nan,nan,nan,nan,nan,nan,nan,0.002835671,0.003558835,0.001932548,0.001252428,0.002021783,0.004814991,0.001248511,-0.000214244,0.001235727,0.00172449,0.001844061,2.29E-05,0.000238937,-0.000508314,0.000240077,0.000998181,0.001827932,0.002297891,0.0018038,0.002239075,0.001647524,0.002621019,0.001688587,0.002449017,0.002073738,0.00216126,0.002237782,0.001696185,0.002633004,0.002038795,0.002497174,0.002129536,0.002132346,0.001553554,0.002158454,0.0019005,0.002110187,0.001298831,0.001499422,0.000730549,0.002132549,0.001184813,0.003024786,0.002734719,0.001701908,0.002037896,0.00224696,0.002844782,0.001740543,0.000600816,0.002380305,0.001713084,0.001710282,0.00171025,0.003610754,0.001906056,0.002555858,0.003239727,0.003699618,0.001694487,0.002298507,0.002409589,0.005974745,0.002245425,0.002286153,0.020442965,0.004608816,0.006919851,0.000582512,0.021874161,0.026756044,0.07985817
10,water,81.44713916,46.07533825,0.015403152,0.021588095,0.027287144,0.034768883,0.038374916,0.041687436,0.043743715,0.04325581,0.0449219,0.04830442,0.0518213,0.05297422,0.056276646,0.059547964,0.060437944,0.061053284,0.062131103,0.061437987,0.05886546,0.059151318,0.060010638,0.05966658,0.05713875,0.05374992,0.051633283,0.047802195,0.042463463,0.035713073,0.028034747,0.02110563,0.017049313,0.015848156,0.015684657,0.015324829,0.014923205,0.014531856,0.014423383,0.012939113,0.012640247,0.012445533,0.012320762,0.01264257,0.011629554,0.011739439,0.010595764,0.010837358,0.010544429,0.010322812,0.010126023,0.009942407,0.009352488,0.009496006,0.009141929,0.00925622,0.009506116,0.009553107,0.009424308,0.009056125,0.009258745,0.009141753,0.009210017,0.009221472,0.009005776,0.009041972,0.009127012,0.00927191,0.009091478,0.009058267,0.008851389,0.0088921,0.009110125,0.008852988,0.008927502,0.009043205,0.008979941,0.009045683,0.009012955,0.009054701,0.008931419,0.00903566,0.009080851,0.00892132,0.008674936,0.008321725,0.008064806,0.008636314,0.008326707,0.008473053,0.008522483,0.009156819,0.008895828,0.008537649,0.008471342,0.00886105,0.008406517,0.008806647,0.008887136,0.008953857,0.008875558,0.008883767,0.009003961,0.008981507,0.00898251,0.009015194,0.008998212,0.008859766,0.009015462,0.008882691,0.008940307,0.008945309,0.009083477,0.008863907,0.008881317,0.008823303,0.008525901,0.008718988,0.008648356,0.008450622,0.009252509,0.010211088,0.009265319,0.008864953,0.008888156,0.009176995,0.009430451,0.00937593,0.008960921,nan,nan,nan,nan,nan,nan,nan,nan,nan,nan,nan,nan,nan,nan,nan,0.016465042,0.00975302,0.008195502,0.009045883,0.012861273,0.007223674,0.007971539,0.007050782,0.007847701,0.008830966,0.007784844,0.0084103,0.008332756,0.007758529,0.007780927,0.008029542,0.007351241,0.007773156,0.007939731,0.007664928,0.007915498,0.007924011,0.007534426,0.007560323,0.007943511,0.007733713,0.008070717,0.008209801,0.007815261,0.007604727,0.006999074,0.007774258,0.007776411,0.007270955,0.007592239,0.007355166,0.007346456,0.007496371,0.007091009,0.007289635,0.007628125,0.007086034,0.007369717,0.007820337,0.008591751,0.008591751,nan,nan,nan,nan,nan,nan,nan,nan,nan,nan,nan,nan,nan,nan,nan,nan,nan,nan,nan,nan,nan,nan,nan,nan,nan,0.007956262,0.006937962,0.008425476,0.008538622,0.008571872,0.007568843,0.006720248,0.007844346,0.007175269,0.007036571,0.007602544,0.007479801,0.005801926,0.007688183,0.007574967,0.007254801,0.007173399,0.006566114,0.007196577,0.007595665,0.007052805,0.007488686,0.007773414,0.00688728,0.007385484,0.007514308,0.006850793,0.00676997,0.007613451,0.006872152,0.007399131,0.006928388,0.006618006,0.006963836,0.006701248,0.006322262,0.006417912,0.006283358,0.005910561,0.007016103,0.007096479,0.005970047,0.006081735,0.006193718,0.006983917,0.007103095,0.006959962,0.005968379,0.006382208,0.005717031,0.006281784,0.005150321,0.007719034,0.006756523,0.006190223,0.010965918,0.009429173,0.006291141,0.007290487,0.006854919,0.011067553,0.008756348,0.012384882,0.007096552,0.009800938,0.008065202,0.01051852,0.006514765,0.005018648,0.007965041,0.10516607,-0.023234133
11,water,90.60233973,28.82617685,0.08490708,0.08646147,0.08813753,0.08932422,0.09088798,0.09299206,0.09256952,0.089581616,0.08946023,0.09013473,0.08945041,0.089444056,0.0895753,0.08964892,0.088742875,0.08727136,0.08550938,0.082783096,0.0787208,0.07612245,0.075084224,0.07332595,0.06998623,0.06713791,0.06538743,0.062026143,0.057667747,0.053554036,0.047844972,0.0432764,0.040483795,0.040185068,0.038755927,0.037430983,0.036249693,0.03637337,0.0355842,0.03499529,0.0350681,0.03452503,0.034996793,0.03441949,0.033212177,0.031994272,0.03185545,0.030691078,0.03016313,0.029855363,0.030359033,0.030143816,0.029981345,0.031043293,0.029784467,0.029505221,0.029600013,0.02968037,0.029291853,0.02909975,0.028845588,0.028704971,0.028661571,0.028901529,0.028997334,0.028844893,0.02890392,0.029432632,0.029030548,0.028866839,0.028697567,0.028357003,0.028249722,0.02825412,0.028042324,0.027953796,0.027687892,0.02860904,0.027660925,0.028191838,0.02774834,0.028094096,0.02794579,0.028284665,0.028661612,0.028815633,0.028463548,0.02833743,0.029096628,0.028753608,0.028828816,0.029417941,0.029261636,0.02891835,0.028964957,0.028952856,0.02871198,0.028512858,0.027628332,0.02827878,0.028464893,0.029003777,0.0297395,0.029743332,0.028717585,0.02900271,0.029421534,0.028819557,0.028068349,0.028479263,0.02891989,0.028778564,0.028172102,0.02860049,0.028476838,0.028925639,0.027988236,0.028620899,0.029448092,0.028677143,0.029413259,0.03100112,0.028763473,0.028935185,0.029538374,0.030135874,0.030331675,0.029958883,0.028412236,nan,nan,nan,nan,nan,nan,nan,nan,nan,nan,nan,nan,nan,nan,nan,0.035804912,0.032587435,0.027401157,0.025904456,0.027154429,0.026305703,0.024262266,0.02318573,0.022468688,0.022516197,0.02233531,0.023493499,0.0237192,0.023592098,0.024032071,0.023633951,0.024161907,0.024032822,0.02395943,0.024556799,0.025096245,0.02530837,0.025628638,0.025752807,0.02527105,0.02591343,0.025772247,0.025162948,0.025969595,0.026136484,0.026165256,0.026987039,0.026097836,0.025764503,0.025195442,0.025658978,0.026419962,0.025983833,0.026199123,0.02589482,0.02702775,0.026719823,0.02635848,0.027331088,0.026695274,0.026695274,nan,nan,nan,nan,nan,nan,nan,nan,nan,nan,nan,nan,nan,nan,nan,nan,nan,nan,nan,nan,nan,nan,nan,nan,nan,0.021911502,0.02042007,0.01883097,0.018382147,0.021320555,0.031617098,0.026919201,0.02297252,0.019710721,0.018165343,0.019066213,0.020294497,0.02111906,0.022557735,0.021739276,0.020275038,0.020885566,0.019954218,0.021684464,0.02171155,0.02209788,0.022876186,0.022644036,0.022592269,0.02232489,0.024664532,0.023905199,0.024432367,0.023842292,0.023432788,0.024411941,0.023283783,0.023869602,0.025288912,0.02448594,0.024604939,0.024215633,0.024241425,0.025255958,0.023769826,0.024540802,0.022514896,0.023497384,0.023566678,0.025199682,0.022821214,0.022455614,0.022137929,0.022493968,0.02227409,0.021877566,0.022606555,0.020922711,0.022804478,0.023500724,0.022904085,0.0211944,0.021305004,0.021167766,0.0207597,0.019472469,0.023063792,0.020832213,0.019430311,0.020841861,0.021250008,0.017742747,0.019361736,0.018574657,0.019332457,0.013619985,0.008287497
12,water,90.29859785,28.57340154,0.08253537,0.083587065,0.08395927,0.085437305,0.08703295,0.088194706,0.086100504,0.08465674,0.08412838,0.08471304,0.08353052,0.082909755,0.08226782,0.08302526,0.081730604,0.08080083,0.07969351,0.07755935,0.074980654,0.07318336,0.07147601,0.0697945,0.06827041,0.066328175,0.064756535,0.06313514,0.060694788,0.05726406,0.0535733,0.049731303,0.047878567,0.04825192,0.047189403,0.04587385,0.04546357,0.04548384,0.044606492,0.044701096,0.044020914,0.044395056,0.04409702,0.044652484,0.042852912,0.042080764,0.04204785,0.041391276,0.040061884,0.040418807,0.040270235,0.041182097,0.040592447,0.04416875,0.04175811,0.040333845,0.04038091,0.040723935,0.040492952,0.040022697,0.039531123,0.039528504,0.04004267,0.039636057,0.039684225,0.04014085,0.04007685,0.040084466,0.039668255,0.039750826,0.039455466,0.039161224,0.039396964,0.038238958,0.039590232,0.038675636,0.038612884,0.039608914,0.039588924,0.039521515,0.039376903,0.038490344,0.039166115,0.03929696,0.039172437,0.039992962,0.03960677,0.03985999,0.03932167,0.040289298,0.03994419,0.040317822,0.039974142,0.039781205,0.03992889,0.040261198,0.040084817,0.039518673,0.039998468,0.040269192,0.03981204,0.041450437,0.041729666,0.04196606,0.04020458,0.041789096,0.04159219,0.040404797,0.040012635,0.039995525,0.039957177,0.040108036,0.03940287,0.039392352,0.040138938,0.04031567,0.040048946,0.04093413,0.0411864,0.041236103,0.04185718,0.04343133,0.040587604,0.040288635,0.04077841,0.041531555,0.041839983,0.041573513,0.03994446,nan,nan,nan,nan,nan,nan,nan,nan,nan,nan,nan,nan,nan,nan,nan,0.052183624,0.046944253,0.0421303,0.039052956,0.04209557,0.04060402,0.038973037,0.037648536,0.035705797,0.03552793,0.03566738,0.036839917,0.03666843,0.036638383,0.037613846,0.03628297,0.037768446,0.037494946,0.037343543,0.03778873,0.038065568,0.038380485,0.038361482,0.03921408,0.038425624,0.038869627,0.038345095,0.03894073,0.039613776,0.038550902,0.03960415,0.039904136,0.040241238,0.0393558,0.039717264,0.039891697,0.040018365,0.04010174,0.04069834,0.040003564,0.040115118,0.040511664,0.040437207,0.040796686,0.04066052,0.04066052,nan,nan,nan,nan,nan,nan,nan,nan,nan,nan,nan,nan,nan,nan,nan,nan,nan,nan,nan,nan,nan,nan,nan,nan,nan,0.039186463,0.036533803,0.035370696,0.033456698,0.037697002,0.06050086,0.05360491,0.04475046,0.03598399,0.033093203,0.033059563,0.03584631,0.038484883,0.0387468,0.03880626,0.03602939,0.03473178,0.03315655,0.03479606,0.03472699,0.035319727,0.036444772,0.036334142,0.035780624,0.03584842,0.036345303,0.036624253,0.036697872,0.03635878,0.036475323,0.03729106,0.03819034,0.037489418,0.03700748,0.037412938,0.03715485,0.037800897,0.0344137,0.036596227,0.036105122,0.0356743,0.03553346,0.037168562,0.03488461,0.035161,0.03435975,0.033715267,0.03416398,0.034071043,0.031398375,0.03349904,0.033244524,0.032055948,0.031528562,0.03290564,0.034117937,0.033284027,0.032754406,0.03070761,0.029816944,0.03129497,0.032075033,0.028140267,0.028339287,0.027797027,0.029305324,0.02524878,0.023437642,0.024609001,0.02345849,0.018078614,0.012059396
13,water,-90.96527688,29.15391321,0.060055833,0.061418608,0.06253699,0.0661806,0.06853145,0.07034848,0.07156414,0.069437064,0.06967092,0.07117846,0.07200229,0.072736494,0.07337256,0.07409451,0.07587014,0.076528564,0.07840957,0.080237225,0.082225345,0.08271288,0.085779,0.08714686,0.08903202,0.090800755,0.09298927,0.093348466,0.09345705,0.09376373,0.09387226,0.09201111,0.08986714,0.0882615,0.08697508,0.08622564,0.08576953,0.086438894,0.08587807,0.08357925,0.07861655,0.076430194,0.07759989,0.07916501,0.08353004,0.086434335,0.08291714,0.07834992,0.070856705,0.063079126,0.057310425,0.05425245,0.053222526,0.051741812,0.05068502,0.053621553,0.05422552,0.0551602,0.055721857,0.05627442,0.056647692,0.054671284,0.05173728,0.049650207,0.048195362,0.04746293,0.046629492,0.046798043,0.046003096,0.04590397,0.044722464,0.044789325,0.045349687,0.045008622,0.04435035,0.043777566,0.04528762,0.044306133,0.04417895,0.043561775,0.043574702,0.041276056,0.042146742,0.0406876,0.039559577,0.03933056,0.039418958,0.03988622,0.039955113,0.03998169,0.03973446,0.039753824,0.040154323,0.0403466,0.040224396,0.040244248,0.040922098,0.040245675,0.04101684,0.04168557,0.0429865,0.044641104,0.04362456,0.044236362,0.043365818,0.043690972,0.04260075,0.04200178,0.04055669,0.04006358,0.040536717,0.040190436,0.039737962,0.039314155,0.039488178,0.039214715,0.038977258,0.038729668,0.037923932,0.037735324,0.038398165,0.039832126,0.042214323,0.042222768,0.043366153,0.04473244,0.045479234,0.045300245,0.042739987,nan,nan,nan,nan,nan,nan,nan,nan,nan,nan,nan,nan,nan,nan,nan,0.045250636,0.04471564,0.04217892,0.04185396,0.041754905,0.041526623,0.040312383,0.039654803,0.03849486,0.03794851,0.037703253,0.037150573,0.036476515,0.036468685,0.036659975,0.036242515,0.036185976,0.035918698,0.03563295,0.035971086,0.035940897,0.03557323,0.035063304,0.034735885,0.035472576,0.035430826,0.035514303,0.035695087,0.035021055,0.03547369,0.035341643,0.035124972,0.035013203,0.03537539,0.035185255,0.0353566,0.035247125,0.035133418,0.035383597,0.034928672,0.035052855,0.03564207,0.035192583,0.03513098,0.03557272,0.03557272,nan,nan,nan,nan,nan,nan,nan,nan,nan,nan,nan,nan,nan,nan,nan,nan,nan,nan,nan,nan,nan,nan,nan,nan,nan,0.032751057,0.03646151,0.036223743,0.035662677,0.033246335,0.031186001,0.028959667,0.02880033,0.031802684,0.03202478,0.033053525,0.03259799,0.0317079,0.03207452,0.03179335,0.032354504,0.03355629,0.032736957,0.033013508,0.032503534,0.032565348,0.03295813,0.03283314,0.032792863,0.032824926,0.032467302,0.03233374,0.031665277,0.03183043,0.032350264,0.03172779,0.030931499,0.030859664,0.030537987,0.0300681,0.03069581,0.030730776,0.029927995,0.029065851,0.029447071,0.029544553,0.028798088,0.02968027,0.0298321,0.028367596,0.02900778,0.028445384,0.02822555,0.029294457,0.02841884,0.029115302,0.028185017,0.028801601,0.02879239,0.028804298,0.02975495,0.02914311,0.029069358,0.027812466,0.028390825,0.03120837,0.031060476,0.0288411,0.029141134,0.027863648,0.03491135,0.023855941,0.027391285,0.030172607,0.02814713,0.028665066,0.028990375
14,water,-90.95525957,29.29693188,0.03868245,0.040214133,0.044269096,0.04803671,0.051145528,0.052627366,0.05337391,0.052599844,0.053757392,0.054124832,0.055372044,0.056641687,0.056864712,0.05766512,0.05950481,0.05997469,0.06155759,0.06332825,0.06544007,0.06738471,0.06975723,0.07237979,0.073861636,0.07547597,0.07740885,0.07750811,0.07736867,0.078050435,0.07796736,0.077150926,0.07519595,0.07400665,0.07314535,0.07224718,0.07256206,0.073450826,0.07313693,0.071725726,0.068924256,0.0663924,0.06696817,0.06853678,0.07411347,0.07801631,0.07557438,0.07181988,0.06479201,0.056478962,0.049872674,0.044110022,0.045342058,0.04581619,0.04598563,0.046042968,0.04612921,0.046494666,0.04693686,0.04716013,0.047370486,0.046890937,0.045440655,0.043731857,0.04290025,0.04212198,0.041297454,0.04036317,0.039330844,0.0384736,0.037531935,0.036615815,0.036036447,0.03543086,0.034843344,0.034065925,0.03328834,0.03291064,0.032558486,0.032448314,0.03247216,0.031964462,0.031774294,0.03094798,0.030536901,0.030136973,0.02974319,0.029273182,0.029048182,0.028830983,0.02835108,0.028386686,0.02861597,0.028840393,0.029014299,0.02933215,0.029516337,0.029552871,0.029646734,0.02988379,0.029894052,0.030069467,0.030619068,0.03134084,0.03154715,0.03121939,0.030425487,0.02959093,0.029017001,0.028605005,0.028253539,0.027670188,0.027432172,0.027358437,0.027454298,0.027978761,0.028328089,0.02860888,0.028891623,0.029170806,0.029097795,0.029318519,0.029400876,0.029433304,0.029558724,0.029477986,0.029368617,0.028926225,0.028419064,nan,nan,nan,nan,nan,nan,nan,nan,nan,nan,nan,nan,nan,nan,nan,0.0408432,0.035397332,0.034012254,0.03282505,0.033637717,0.03201526,0.031530302,0.030283634,0.02839257,0.02823326,0.02743684,0.02736199,0.026863769,0.027088353,0.026683765,0.026367363,0.026588649,0.025936633,0.026140904,0.025614433,0.02629636,0.026297951,0.025431566,0.02535117,0.025657583,0.025743028,0.026158601,0.026032899,0.025684502,0.02555936,0.025949037,0.025895165,0.02570475,0.025484055,0.025711453,0.025482584,0.02550691,0.025454992,0.025926137,0.0251697,0.025956603,0.025672808,0.025455,0.026014265,0.026529385,0.026529385,nan,nan,nan,nan,nan,nan,nan,nan,nan,nan,nan,nan,nan,nan,nan,nan,nan,nan,nan,nan,nan,nan,nan,nan,nan,0.004798065,0.005068163,0.005186913,0.005420267,0.005637041,0.005661862,0.005712056,0.005864306,0.006193953,0.006335193,0.006397496,0.006316173,0.006410362,0.006453632,0.023442717,0.023723293,0.02393139,0.02421512,0.02346781,0.023676142,0.02374774,0.024082238,0.023712914,0.023768358,0.023609612,0.024058826,0.02349944,0.022702595,0.023522723,0.022840582,0.023154162,0.023017546,0.022200152,0.021779504,0.02240864,0.02226103,0.022714322,0.022139246,0.021531744,0.021792442,0.021533277,0.021760082,0.021720171,0.021445068,0.021198114,0.019886695,0.020227728,0.019708643,0.020013884,0.019803554,0.019010523,0.01843829,0.018371006,0.018037338,0.017487558,0.017463213,0.018793626,0.016600654,0.017172096,0.016835207,0.017064525,0.016441774,0.016030256,0.01623356,0.015698949,0.01512918,0.014576773,0.014216252,0.014807146,0.01285552,0.011960904,0.011300647
15,water,-91.1138848,29.13681335,0.07605465,0.074649885,0.07111906,0.07964554,0.08019582,0.08191196,0.08382613,0.08028097,0.08278124,0.08469343,0.086343415,0.08813306,0.08859158,0.09089281,0.093357906,0.09298594,0.09575185,0.09807548,0.10067203,0.10139668,0.10381698,0.10620154,0.1071258,0.10947461,0.1118827,0.11211799,0.11305789,0.11372458,0.11200695,0.10827609,0.10225771,0.099874675,0.09870815,0.09670419,0.096295066,0.09657504,0.09569319,0.091733344,0.087169126,0.085802324,0.086234435,0.08669178,0.08645721,0.086581565,0.08116929,0.07674822,0.07000243,0.063860685,0.060404554,0.058457278,0.058322728,0.055944636,0.054291822,0.057813942,0.058257874,0.059109006,0.05888105,0.05909727,0.05953518,0.058623254,0.056703143,0.054900263,0.054260504,0.05348371,0.053121813,0.053061776,0.052685704,0.052206278,0.05203246,0.052638687,0.052841425,0.05252503,0.051833473,0.05231455,0.052595906,0.05211795,0.051614046,0.05084883,0.05062187,0.049968414,0.049689822,0.048589695,0.048497196,0.048145648,0.048951052,0.04833871,0.04851243,0.0490353,0.04872794,0.04820666,0.0486946,0.048104286,0.04813451,0.04854936,0.048871133,0.04893377,0.04953255,0.051289424,0.051423386,0.050586697,0.05019871,0.04998438,0.051631834,0.05112674,0.04926783,0.04873048,0.049488578,0.048632905,0.048425563,0.04819675,0.0482728,0.048281882,0.047715053,0.0473844,0.047166564,0.046874516,0.046786282,0.047042377,0.046544943,0.04749823,0.049994357,0.049925473,0.051017325,0.05242301,0.053195853,0.053003594,0.050191205,nan,nan,nan,nan,nan,nan,nan,nan,nan,nan,nan,nan,nan,nan,nan,0.044910498,0.04821903,0.04949444,0.052060563,0.05013029,0.048715048,0.049116716,0.047534224,0.046847858,0.046448033,0.04539078,0.045451496,0.04570823,0.04539855,0.045279294,0.044955637,0.04473682,0.04457907,0.04371884,0.043979235,0.04460425,0.043883923,0.043416392,0.043771707,0.044136245,0.044030752,0.043806624,0.04361473,0.043527894,0.043433275,0.04347159,0.043540694,0.043602105,0.04334869,0.04376872,0.04382043,0.043562923,0.043669578,0.04362011,0.04398187,0.04325991,0.043333508,0.043358605,0.04370598,0.044085536,0.044085536,nan,nan,nan,nan,nan,nan,nan,nan,nan,nan,nan,nan,nan,nan,nan,nan,nan,nan,nan,nan,nan,nan,nan,nan,nan,0.04110745,0.044544328,0.046504896,0.045449875,0.041968353,0.036294155,0.032750867,0.03816143,0.039567504,0.040844183,0.04145147,0.041628983,0.039404288,0.03986879,0.039972924,0.04041426,0.04138134,0.04078716,0.04088309,0.0401873,0.039964974,0.040680226,0.040220942,0.041169405,0.04054791,0.04064915,0.040233836,0.03961704,0.039180484,0.039255872,0.03873041,0.038976654,0.037921328,0.038463473,0.037814964,0.037909973,0.037772596,0.037118,0.03724604,0.037395824,0.036277942,0.03732068,0.035581727,0.036190078,0.036084175,0.034836575,0.035565153,0.03614763,0.035207763,0.035101324,0.035629313,0.034871984,0.033632476,0.033525556,0.034470752,0.034292042,0.035992302,0.033786505,0.034312878,0.03583644,0.036506042,0.03677331,0.03404702,0.03345335,0.034903597,0.038323678,0.032668635,0.03247788,0.03431938,0.03780127,0.03451326,0.02792591
16,water,-90.99428755,29.02250954,0.07007452,0.06677107,0.06375082,0.070822276,0.071254514,0.07408287,0.07481542,0.07247091,0.07224018,0.07372072,0.074441984,0.07550537,0.076440796,0.077545054,0.079055786,0.07911146,0.081379175,0.08246502,0.08423955,0.08447042,0.08603518,0.08809423,0.08943011,0.09137487,0.09373841,0.09404743,0.09442775,0.09318459,0.0904113,0.08651928,0.08117678,0.07894705,0.07772097,0.07652486,0.07568569,0.07561076,0.074817695,0.072262146,0.069078654,0.0682232,0.068849035,0.06900823,0.068711594,0.06848555,0.06492031,0.06325058,0.059612066,0.05630383,0.0546542,0.05347609,0.053388946,0.051309522,0.049350336,0.053320624,0.052856695,0.05325907,0.05331618,0.05339921,0.053497218,0.052449558,0.051758435,0.050841816,0.05038498,0.050240673,0.050274197,0.04986412,0.049266502,0.049452417,0.049554206,0.049989913,0.04953529,0.049512852,0.049576413,0.049751386,0.04997129,0.04999355,0.049338922,0.04907452,0.049172487,0.04859564,0.048205607,0.04750655,0.04754799,0.04638196,0.04683303,0.047356308,0.046335563,0.04710492,0.046528056,0.04696147,0.04671906,0.046165284,0.046322793,0.04670622,0.047363702,0.04724326,0.047676086,0.049208812,0.049227916,0.04839005,0.04727748,0.048251066,0.04880631,0.048324857,0.047621448,0.0475116,0.047193177,0.0471564,0.046322044,0.046403464,0.046499904,0.046619203,0.046320505,0.04615865,0.04609435,0.04569396,0.045516517,0.04510698,0.04542905,0.04629795,0.0477101,0.047868278,0.048832443,0.04990757,0.05045641,0.050240733,0.047828354,nan,nan,nan,nan,nan,nan,nan,nan,nan,nan,nan,nan,nan,nan,nan,0.042099554,0.047733404,0.047292974,0.04754555,0.046604313,0.047896136,0.045844436,0.04579476,0.04492874,0.04474747,0.044441946,0.04392949,0.044121996,0.04335288,0.04364683,0.04317142,0.043811005,0.043110132,0.042965695,0.042762786,0.0432296,0.043476984,0.04230919,0.042199846,0.04273635,0.043275625,0.04243758,0.04255608,0.042151306,0.04229885,0.0424452,0.042110693,0.04226618,0.042401507,0.04239982,0.04243997,0.042115785,0.042555794,0.042269595,0.04194872,0.04229823,0.042286087,0.0422875,0.042447925,0.04294691,0.04294691,nan,nan,nan,nan,nan,nan,nan,nan,nan,nan,nan,nan,nan,nan,nan,nan,nan,nan,nan,nan,nan,nan,nan,nan,nan,0.040098667,0.042747244,0.044490214,0.04421685,0.04113887,0.03311742,0.033986084,0.03551381,0.038508587,0.03964921,0.040524144,0.039767303,0.03904314,0.039073963,0.0385325,0.039615948,0.039967135,0.039245073,0.0403959,0.039234158,0.04015114,0.038759038,0.0395189,0.039812952,0.039120663,0.038910635,0.03838375,0.03857543,0.037930284,0.037439294,0.037625626,0.038008854,0.036861192,0.036644984,0.03721084,0.037249357,0.03621712,0.03677225,0.03564627,0.035484552,0.035752345,0.035638746,0.034536347,0.035465416,0.034943253,0.033057176,0.03483349,0.03502261,0.033972416,0.034290932,0.0354383,0.03384265,0.033289067,0.033429787,0.033319484,0.034809794,0.034264166,0.03424249,0.0331568,0.03403067,0.034909997,0.035747617,0.033759825,0.034219533,0.033766344,0.039591532,0.030548535,0.033670716,0.033861313,0.031153662,0.028475152,0.020226616